{"cameraMode":{"drawMode":0,"name":"Shaded","section":"Shading Mode"},"sceneLighting":false,"audioPlay":false,"sceneViewState":{"showFog":true,"showMaterialUpdate":true,"showSkybox":false,"showFlares":true,"showImageEffects":true,"showParticleSystems":true},"in2DMode":false,"pivot":{"x":-3.6210312843322756,"y":-3.507683038711548,"z":9.60222339630127},"rotation":{"x":-0.1516599804162979,"y":0.188226118683815,"z":-0.029468953609466554,"w":-0.9699581861495972},"size":17.925634384155275,"orthographic":false}