{"cameraMode":{"drawMode":0,"name":"Shaded","section":"Shading Mode"},"sceneLighting":false,"audioPlay":false,"sceneViewState":{"showFog":true,"showMaterialUpdate":true,"showSkybox":false,"showFlares":true,"showImageEffects":true,"showParticleSystems":true},"in2DMode":false,"pivot":{"x":-0.1735973358154297,"y":0.020913124084472657,"z":5.182511329650879},"rotation":{"x":0.2999047338962555,"y":-0.08997026830911637,"z":0.028449971228837968,"w":0.9493054747581482},"size":32.06871032714844,"orthographic":false}