{"cameraMode":{"drawMode":0,"name":"Shaded","section":"Shading Mode"},"sceneLighting":false,"audioPlay":false,"sceneViewState":{"showFog":true,"showMaterialUpdate":true,"showSkybox":false,"showFlares":true,"showImageEffects":true,"showParticleSystems":true},"in2DMode":false,"pivot":{"x":-13.923303604125977,"y":-20.09442901611328,"z":11.42375373840332},"rotation":{"x":0.33420073986053469,"y":0.07905855774879456,"z":-0.028093283995985986,"w":0.9387827515602112},"size":66.33612060546875,"orthographic":false}