{"cameraMode":{"drawMode":0,"name":"Shaded","section":"Shading Mode"},"sceneLighting":false,"audioPlay":false,"sceneViewState":{"showFog":true,"showMaterialUpdate":true,"showSkybox":false,"showFlares":true,"showImageEffects":true,"showParticleSystems":true},"in2DMode":false,"pivot":{"x":-20.490171432495118,"y":2.8004274368286135,"z":13.84000015258789},"rotation":{"x":-0.27187973260879519,"y":-0.39515846967697146,"z":0.1236652061343193,"w":-0.8687105774879456},"size":28.280338287353517,"orthographic":false}