{"cameraMode":{"drawMode":0,"name":"Shaded","section":"Shading Mode"},"sceneLighting":false,"audioPlay":false,"sceneViewState":{"showFog":true,"showMaterialUpdate":true,"showSkybox":false,"showFlares":true,"showImageEffects":true,"showParticleSystems":true},"in2DMode":false,"pivot":{"x":0.0,"y":1.0628308057785035,"z":0.0351298525929451},"rotation":{"x":0.02331680990755558,"y":0.9521811008453369,"z":-0.07499094307422638,"w":0.2954610586166382},"size":4.304511070251465,"orthographic":false}