{"cameraMode":{"drawMode":0,"name":"Shaded","section":"Shading Mode"},"sceneLighting":false,"audioPlay":false,"sceneViewState":{"showFog":true,"showMaterialUpdate":true,"showSkybox":false,"showFlares":true,"showImageEffects":true,"showParticleSystems":true},"in2DMode":false,"pivot":{"x":-0.0020842552185058595,"y":-0.3470747470855713,"z":0.0},"rotation":{"x":0.11248770356178284,"y":-0.501825213432312,"z":0.06604086607694626,"w":0.8551275134086609},"size":12.471092224121094,"orthographic":false}