{"cameraMode":{"drawMode":0,"name":"Shaded","section":"Shading Mode"},"sceneLighting":false,"audioPlay":false,"sceneViewState":{"showFog":true,"showMaterialUpdate":true,"showSkybox":false,"showFlares":true,"showImageEffects":true,"showParticleSystems":true},"in2DMode":false,"pivot":{"x":304.1297607421875,"y":1591.5401611328125,"z":187.8974151611328},"rotation":{"x":-0.11408225446939469,"y":0.140493705868721,"z":-0.016334550455212594,"w":-0.9833711385726929},"size":1310.8533935546875,"orthographic":false}