{"cameraMode":{"drawMode":0,"name":"Shaded","section":"Shading Mode"},"sceneLighting":false,"audioPlay":false,"sceneViewState":{"showFog":true,"showMaterialUpdate":true,"showSkybox":false,"showFlares":true,"showImageEffects":true,"showParticleSystems":true},"in2DMode":false,"pivot":{"x":0.30766379833221438,"y":-0.07425524294376373,"z":-0.44489535689353945},"rotation":{"x":-0.24213439226150514,"y":0.23104622960090638,"z":-0.059533219784498218,"w":-0.9404664635658264},"size":3.3022406101226808,"orthographic":false}