{"cameraMode":{"drawMode":0,"name":"Shaded","section":"Shading Mode"},"sceneLighting":false,"audioPlay":false,"sceneViewState":{"showFog":true,"showMaterialUpdate":true,"showSkybox":false,"showFlares":true,"showImageEffects":true,"showParticleSystems":true},"in2DMode":false,"pivot":{"x":0.3654998540878296,"y":-0.3937699794769287,"z":0.1395668387413025},"rotation":{"x":-0.2560229003429413,"y":0.18648655712604524,"z":-0.05046337842941284,"w":-0.9471862316131592},"size":10.027580261230469,"orthographic":false}