{"cameraMode":{"drawMode":0,"name":"Shaded","section":"Shading Mode"},"sceneLighting":false,"audioPlay":false,"sceneViewState":{"showFog":true,"showMaterialUpdate":true,"showSkybox":false,"showFlares":true,"showImageEffects":true,"showParticleSystems":true},"in2DMode":false,"pivot":{"x":3.3885555267333986,"y":-3.92618989944458,"z":6.0346174240112309},"rotation":{"x":-0.346234530210495,"y":0.6227781176567078,"z":-0.35699400305747988,"w":-0.6040121912956238},"size":12.737557411193848,"orthographic":false}