{"cameraMode":{"drawMode":0,"name":"Shaded","section":"Shading Mode"},"sceneLighting":false,"audioPlay":false,"sceneViewState":{"showFog":true,"showMaterialUpdate":true,"showSkybox":false,"showFlares":true,"showImageEffects":true,"showParticleSystems":true},"in2DMode":false,"pivot":{"x":460.9336853027344,"y":971.9299926757813,"z":-51.9552001953125},"rotation":{"x":0.03898981958627701,"y":0.004496193490922451,"z":-0.00017492751067038625,"w":0.9992338418960571},"size":1137.546630859375,"orthographic":false}